_Hindi_-_Vritrasura_ka_Vadha-0,url, labels, arte, sloka, date, lang, place, video, size, lastUpdatTime
, 01_-_RGS_SB_06-10-01-12#1_PartA_-_2003_Housten.mp3, Vritrasura ka Vadha-01 PartA -  Housten, , sb.6.10.1.12, 2003, hi, , , 3.0M, 2020-02-20 02:58
, 02_-_RGS_SB_06-10-01-12#1_PartB_-_2003_Housten.mp3, Vritrasura ka Vadha-01 PartB -  Housten, , sb.6.10.1.12, 2003, hi, , , 3.4M, 2020-02-12 04:37
, 03_-_RGS_SB_06-10-01-12#1_PartC_-_2003_Housten.mp3, Vritrasura ka Vadha-01 PartC -  Housten, , sb.6.10.1.12, 2003, hi, , , 3.4M, 2020-02-12 04:37
, 04_-_RGS_SB_06-10-01-12#1_PartD_-_2003_Housten.mp3, Vritrasura ka Vadha-01 PartD -  Housten, , sb.6.10.1.12, 2003, hi, , , 3.4M, 2020-02-12 04:37
, 05_-_RGS_SB_06-10-01-12#1_PartE_-_2003_Housten.mp3, Vritrasura ka Vadha-01 PartE -  Housten, , sb.6.10.1.12, 2003, hi, , , 3.4M, 2020-02-12 04:37
, 06_-_RGS_SB_06-10-01-12#1_PartF_-_2003_Housten.mp3, Vritrasura ka Vadha-01 PartF -  Housten, , sb.6.10.1.12, 2003, hi, , , 2.9M, 2020-02-12 04:37
, 07_-_RGS_SB_06-10-13_06-11-12#2_PartA_-_2003_Housten.mp3, Vritrasura ka Vadha-02 PartA -  Housten, , sb.6.10.13.6.11.12, 2003, hi, , , 3.4M, 2020-02-12 04:37
, 08_-_RGS_SB_06-10-13_06-11-12#2_PartB_-_2003_Housten.mp3, Vritrasura ka Vadha-02 PartB -  Housten, , sb.6.10.13.6.11.12, 2003, hi, , , 3.4M, 2020-02-12 04:37
, 09_-_RGS_SB_06-10-13_06-11-12#2_PartC_-_2003_Housten.mp3, Vritrasura ka Vadha-02 PartC -  Housten, , sb.6.10.13.6.11.12, 2003, hi, , , 3.4M, 2020-02-12 04:37
, 10_-_RGS_SB_06-10-13_06-11-12#2_PartD_-_2003_Housten.mp3, Vritrasura ka Vadha-02 PartD -  Housten, , sb.6.10.13.6.11.12, 2003, hi, , , 3.4M, 2020-02-12 04:37
, 11_-_RGS_SB_06-10-13_06-11-12#2_PartE_-_2003_Housten.mp3, Vritrasura ka Vadha-02 PartE -  Housten, , sb.6.10.13.6.11.12, 2003, hi, , , 4.9M, 2020-02-12 04:37
, 12_-_RGS_SB_06-11-13-23#3_PartA_-_2003_Housten.mp3, Vritrasura ka Vadha-03 PartA -  Housten, , sb.6.11.13.23, 2003, hi, , , 3.4M, 2020-02-12 04:37
, 13_-_RGS_SB_06-11-13-23#3_PartB_-_2003_Housten.mp3, Vritrasura ka Vadha-03 PartB -  Housten, , sb.6.11.13.23, 2003, hi, , , 3.4M, 2020-02-12 04:37
, 14_-_RGS_SB_06-11-13-23#3_PartC_-_2003_Housten.mp3, Vritrasura ka Vadha-03 PartC -  Housten, , sb.6.11.13.23, 2003, hi, , , 3.4M, 2020-02-12 04:37
, 15_-_RGS_SB_06-11-13-23#3_PartD_-_2003_Housten.mp3, Vritrasura ka Vadha-03 PartD -  Housten, , sb.6.11.13.23, 2003, hi, , , 3.4M, 2020-02-12 04:37
, 16_-_RGS_SB_06-11-13-23#3_PartE_-_2003_Housten.mp3, Vritrasura ka Vadha-03 PartE -  Housten, , sb.6.11.13.23, 2003, hi, , , 3.4M, 2020-02-12 04:37
, 17_-_RGS_SB_06-11-13-23#3_PartF_-_2003_Housten.mp3, Vritrasura ka Vadha-03 PartF -  Housten, , sb.6.11.13.23, 2003, hi, , , 2.7M, 2020-02-12 04:37
, 18_-_RGS_SB_06-11-24_06-11-27#4_PartA_-_2003_Housten.mp3, Vritrasura ka Vadha-04 PartA -  Housten, , sb.6.11.24.6.11.27, 2003, hi, , , 3.3M, 2020-02-12 04:37
, 19_-_RGS_SB_06-11-24_06-11-27#4_PartB_-_2003_Housten.mp3, Vritrasura ka Vadha-04 PartB -  Housten, , sb.6.11.24.6.11.27, 2003, hi, , , 3.4M, 2020-02-12 04:37
, 20_-_RGS_SB_06-11-24_06-11-27#4_PartC_-_2003_Housten.mp3, Vritrasura ka Vadha-04 PartC -  Housten, , sb.6.11.24.6.11.27, 2003, hi, , , 3.4M, 2020-02-12 04:44
, 21_-_RGS_SB_06-11-24_06-11-27#4_PartD_-_2003_Housten.mp3, Vritrasura ka Vadha-04 PartD -  Housten, , sb.6.11.24.6.11.27, 2003, hi, , , 3.4M, 2020-02-12 04:44
, 22_-_RGS_SB_06-11-24_06-11-27#4_PartE_-_2003_Housten.mp3, Vritrasura ka Vadha-04 PartE -  Housten, , sb.6.11.24.6.11.27, 2003, hi, , , 3.4M, 2020-02-12 04:44
, 23_-_RGS_SB_06-11-24_06-11-27#4_PartF_-_2003_Housten.mp3, Vritrasura ka Vadha-04 PartF -  Housten, , sb.6.11.24.6.11.27, 2003, hi, , , 1.3M, 2020-02-12 04:44
, 24_-_RGS_SB_06-12-01-17#5_PartA_-_2003_Housten.mp3, Vritrasura ka Vadha-05 PartA -  Housten, , sb.6.12.1.17, 2003, hi, , , 2.2M, 2020-02-12 04:44
, 25_-_RGS_SB_06-12-01-17#5_PartB_-_2003_Housten.mp3, Vritrasura ka Vadha-05 PartB -  Housten, , sb.6.12.1.17, 2003, hi, , , 3.4M, 2020-02-12 04:44
, 26_-_RGS_SB_06-12-01-17#5_PartC_-_2003_Housten.mp3, Vritrasura ka Vadha-05 PartC -  Housten, , sb.6.12.1.17, 2003, hi, , , 3.4M, 2020-02-12 04:44
, 27_-_RGS_SB_06-12-01-17#5_PartD_-_2003_Housten.mp3, Vritrasura ka Vadha-05 PartD -  Housten, , sb.6.12.1.17, 2003, hi, , , 3.4M, 2020-02-12 04:44
, 28_-_RGS_SB_06-12-01-17#5_PartE_-_2003_Housten.mp3, Vritrasura ka Vadha-05 PartE -  Housten, , sb.6.12.1.17, 2003, hi, , , 4.0M, 2020-02-12 04:44
, 29_-_RGS_SB_06-12-18-35#6_PartA_-_2003_Housten.mp3, Vritrasura ka Vadha-06 PartA -  Housten, , sb.6.12.18.35, 2003, hi, , , 2.8M, 2020-02-12 04:44
, 30_-_RGS_SB_06-12-18-35#6_PartB_-_2003_Housten.mp3, Vritrasura ka Vadha-06 PartB -  Housten, , sb.6.12.18.35, 2003, hi, , , 3.5M, 2020-02-12 04:44
, 31_-_RGS_SB_06-12-18-35#6_PartC_-_2003_Housten.mp3, Vritrasura ka Vadha-06 PartC -  Housten, , sb.6.12.18.35, 2003, hi, , , 3.4M, 2020-02-12 04:44
, 32_-_RGS_SB_06-12-18-35#6_PartD_-_2003_Housten.mp3, Vritrasura ka Vadha-06 PartD -  Housten, , sb.6.12.18.35, 2003, hi, , , 3.4M, 2020-02-12 04:44
, 33_-_RGS_SB_06-12-18-35#6_PartE_-_2003_Housten.mp3, Vritrasura ka Vadha-06 PartE -  Housten, , sb.6.12.18.35, 2003, hi, , , 2.7M, 2020-02-20 06:30
, 34_-_RGS_SB_06-13-01-23#7_PartA_-_2003_Housten.mp3, Vritrasura ka Vadha-07 PartA -  Housten, , sb.6.13.1.23, 2003, hi, , , 3.9M, 2020-02-12 04:44
, 35_-_RGS_SB_06-13-01-23#7_PartB_-_2003_Housten.mp3, Vritrasura ka Vadha-07 PartB -  Housten, , sb.6.13.1.23, 2003, hi, , , 3.3M, 2020-02-12 04:44
, 36_-_RGS_SB_06-13-01-23#7_PartC_-_2003_Housten.mp3.mp3, Vritrasura ka Vadha-07 PartC -  Housten, , sb.6.13.1.23, 2003, hi, , , 5.3M, 2020-02-12 04:44