_Hindi_-_Vrindavan_Bihar_Leela-,url, labels, arte, sloka, date, lang, place, video, size, lastUpdatTime
, 01_-_RGS_SB_10-15-01#01_-_2000_Haridwar.mp3, Vṛndāvana Bihar Leela-01 -  Haridwar, , sb.10.15.1, 2000, hi, Vṛndāvana, , 10M, 2020-02-11 09:08
, 02_-_RGS_SB_10-15-02-04#02_-_2000_Haridwar.mp3, Vṛndāvana Bihar Leela-02 -  Haridwar, , sb.10.15.2.4, 2000, hi, Vṛndāvana, , 10M, 2020-02-11 09:08
, 03_-_RGS_SB_10-15-05-06#03_-_2000_Haridwar.mp3, Vṛndāvana Bihar Leela-03 -  Haridwar, , sb.10.15.5.6, 2000, hi, Vṛndāvana, , 11M, 2020-02-11 09:08
, 04_-_RGS_SB_10-15-07-08#04_-_2000_Haridwar.mp3, Vṛndāvana Bihar Leela-04 -  Haridwar, , sb.10.15.7.8, 2000, hi, Vṛndāvana, , 7.1M, 2020-02-11 09:35
, 05_-_RGS_SB_10-15-09-15#05_-_2000_Haridwar.mp3, Vṛndāvana Bihar Leela-05 -  Haridwar, , sb.10.15.9.15, 2000, hi, Vṛndāvana, , 11M, 2020-02-11 09:08
, 06_-_RGS_SB_10-15-16-19#06_-_2000_Haridwar.mp3, Vṛndāvana Bihar Leela-06 -  Haridwar, , sb.10.15.16.19, 2000, hi, Vṛndāvana, , 10M, 2020-02-11 09:08
, 07_-_RGS_SB_10-15-41-43#07_-_2000_Haridwar.mp3, Vṛndāvana Bihar Leela-07 -  Haridwar, , sb.10.15.41.43, 2000, hi, Vṛndāvana, , 11M, 2020-02-11 09:08
, 08_-_RGS_SB_10-15-44-46#08_-_2000_Haridwar.mp3, Vṛndāvana Bihar Leela-08 -  Haridwar, , sb.10.15.44.46, 2000, hi, Vṛndāvana, , 11M, 2020-02-11 09:08
, 09_-_RGS_SB_10-15-47-52#09_-_2000_Haridwar.mp3, Vṛndāvana Bihar Leela-09 -  Haridwar, , sb.10.15.47.52, 2000, hi, Vṛndāvana, , 11M, 2020-02-11 09:09
, 10_-_RGS_SB_10-16-04-09#10_-_2000_Haridwar.mp3, Vṛndāvana Bihar Leela-10 -  Haridwar, , sb.10.16.4.9, 2000, hi, Vṛndāvana, , 11M, 2020-02-11 09:09
, 11_-_RGS_SB_10-16-10-20#11_-_2000_Haridwar.mp3, Vṛndāvana Bihar Leela-11 -  Haridwar, , sb.10.16.10.20, 2000, hi, Vṛndāvana, , 11M, 2020-02-11 09:09
, 12_-_RGS_SB_10-16-21-25#12_-_2000_Haridwar.mp3, Vṛndāvana Bihar Leela-12 -  Haridwar, , sb.10.16.21.25, 2000, hi, Vṛndāvana, , 6.7M, 2020-02-19 03:09
, 13_-_RGS_SB_10-16-25-29#13_-_2000_Haridwar.mp3, Vṛndāvana Bihar Leela-13 -  Haridwar, , sb.10.16.25.29, 2000, hi, Vṛndāvana, , 11M, 2020-02-19 03:09
, 14_-_RGS_SB_10-16-30-32#14_-_2000_Haridwar.mp3, Vṛndāvana Bihar Leela-14 -  Haridwar, , sb.10.16.30.32, 2000, hi, Vṛndāvana, , 11M, 2020-02-03 21:42
, 15_-_RGS_SB_10-16-33-34#15_-_2000_Haridwar.mp3, Vṛndāvana Bihar Leela-15 -  Haridwar, , sb.10.16.33.34, 2000, hi, Vṛndāvana, , 11M, 2020-02-19 03:09
, 16_-_RGS_SB_10-16-35-37#16_-_2000_Haridwar.mp3, Vṛndāvana Bihar Leela-16 -  Haridwar, , sb.10.16.35.37, 2000, hi, Vṛndāvana, , 11M, 2020-02-03 21:42
, 17_-_RGS_SB_10-16-38-46#17_-_2000_Haridwar.mp3, Vṛndāvana Bihar Leela-17 -  Haridwar, , sb.10.16.38.46, 2000, hi, Vṛndāvana, , 9.3M, 2020-02-03 21:42
, 18_-_RGS_SB_10-16-47-63#18_-_2000_Haridwar.mp3, Vṛndāvana Bihar Leela-18 -  Haridwar, , sb.10.16.47.63, 2000, hi, Vṛndāvana, , 11M, 2020-02-03 21:41
, 19_-_RGS_SB_10-16-64_10-17-09#19_-_2000_Haridwar.mp3, Vṛndāvana Bihar Leela-19 -  Haridwar, , sb.10.16.64.10.17.9, 2000, hi, Vṛndāvana, , 11M, 2020-02-03 21:42
, 20_-_RGS_SB_10-17-10-15#20_-_2000_Haridwar.mp3, Vṛndāvana Bihar Leela-20 -  Haridwar, , sb.10.17.10.15, 2000, hi, Vṛndāvana, , 11M, 2020-02-03 21:42
, 21_-_RGS_SB_10-17-16-25#21_-_2000_Haridwar.mp3, Vṛndāvana Bihar Leela-21 -  Haridwar, , sb.10.17.16.25, 2000, hi, Vṛndāvana, , 8.0M, 2020-02-13 05:59
, 22_-_RGS_SB_10-18-01-15#22_-_2000_Haridwar.mp3, Vṛndāvana Bihar Leela-22 -  Haridwar, , sb.10.18.1.15, 2000, hi, Vṛndāvana, , 10M, 2020-02-13 05:59
, 23_-_RGS_SB_10-18-16-32#23_-_2000_Haridwar.mp3, Vṛndāvana Bihar Leela-23 -  Haridwar, , sb.10.18.16.32, 2000, hi, Vṛndāvana, , 7.9M, 2020-02-13 05:59
, 24_-_RGS_SB_10-19-01-09#24_-_2000_Haridwar.mp3, Vṛndāvana Bihar Leela-24 -  Haridwar, , sb.10.19.1.9, 2000, hi, Vṛndāvana, , 9.1M, 2020-02-13 05:59
, 25_-_RGS_SB_10-19-10-14#25_-_2000_Haridwar.mp3, Vṛndāvana Bihar Leela-25 -  Haridwar, , sb.10.19.10.14, 2000, hi, Vṛndāvana, , 9.3M, 2020-02-13 05:59
, 26_-_RGS_SB_10-19-15-16#26_-_2000_Haridwar.mp3, Vṛndāvana Bihar Leela-26 -  Haridwar, , sb.10.19.15.16, 2000, hi, Vṛndāvana, , 11M, 2020-02-13 05:59