_Hindi_-_Twenty-Four_Guru-,url, labels, arte, sloka, date, lang, place, video, size, lastUpdatTime
, RGS_SB_11-06-01-06#01.mp3, Lecture on SB 11.6.1.6, , sb.11.6.1.6, , hi, , , 9.7M, 2020-02-26 08:54
, RGS_SB_11-06-06-08#02.mp3, Lecture on SB 11.6.6.8, , sb.11.6.6.8, , hi, , , 11M, 2020-02-26 08:54
, RGS_SB_11-06-09-12#03.mp3, Lecture on SB 11.6.9.12, , sb.11.6.9.12, , hi, , , 11M, 2020-02-02 02:21
, RGS_SB_11-06-12-18#04.mp3, Lecture on SB 11.6.12.18, , sb.11.6.12.18, , hi, , , 11M, 2020-02-26 08:54
, RGS_SB_11-06-18-32#05.mp3, Lecture on SB 11.6.18.32, , sb.11.6.18.32, , hi, , , 11M, 2020-02-26 08:54
, RGS_SB_11-06-33-42#06.mp3, Lecture on SB 11.6.33.42, , sb.11.6.33.42, , hi, , , 11M, 2020-02-02 02:21
, RGS_SB_11-06-42_11-07-03#07.mp3, Lecture on SB 11.6.42.11.7.3, , sb.11.6.42.11.7.3, , hi, , , 11M, 2020-02-02 02:21
, RGS_SB_11-07-03-11#08.mp3, Lecture on SB 11.7.3.11, , sb.11.7.3.11, , hi, , , 11M, 2020-02-02 02:21
, RGS_SB_11-07-12-18#09.mp3, Lecture on SB 11.7.12.18, , sb.11.7.12.18, , hi, , , 11M, 2020-02-02 02:21
, RGS_SB_11-07-18-30#10.mp3, Lecture on SB 11.7.18.30, , sb.11.7.18.30, , hi, , , 10M, 2020-02-27 06:55
, RGS_SB_11-07-30-37#11.mp3, Lecture on SB 11.7.30.37, , sb.11.7.30.37, , hi, , , 11M, 2020-02-02 02:52
, RGS_SB_11-07-37-41#12.mp3, Lecture on SB 11.7.37.41, , sb.11.7.37.41, , hi, , , 11M, 2020-02-27 06:55
, RGS_SB_11-07-41-44#13.mp3, Lecture on SB 11.7.41.44, , sb.11.7.41.44, , hi, , , 11M, 2020-02-27 06:55
, RGS_SB_11-07-44-49#14.mp3, Lecture on SB 11.7.44.49, , sb.11.7.44.49, , hi, , , 11M, 2020-02-27 08:21
, RGS_SB_11-07-49-56#15.mp3, Lecture on SB 11.7.49.56, , sb.11.7.49.56, , hi, , , 11M, 2020-02-27 08:21
, RGS_SB_11-07-56-74#16.mp3, Lecture on SB 11.7.56.74, , sb.11.7.56.74, , hi, , , 11M, 2020-02-02 02:52
, RGS_SB_11-08-01-02#17.mp3, Lecture on SB 11.8.1.2, , sb.11.8.1.2, , hi, , , 5.3M, 2020-02-27 08:55
, RGS_SB_11-08-02-07#18.mp3, Lecture on SB 11.8.2.7, , sb.11.8.2.7, , hi, , , 11M, 2020-02-27 08:55
, RGS_SB_11-08-07-13#19.mp3, Lecture on SB 11.8.7.13, , sb.11.8.7.13, , hi, , , 10M, 2020-02-27 08:55
, RGS_SB_11-08-13-20#20.mp3, Lecture on SB 11.8.13.20, , sb.11.8.13.20, , hi, , , 10M, 2020-02-27 08:55
, RGS_SB_11-08-20-33#21.mp3, Lecture on SB 11.8.20.33, , sb.11.8.20.33, , hi, , , 10M, 2020-02-28 03:10
, RGS_SB_11-08-33_11-09-02#22.mp3, Lecture on SB 11.8.33.11.9.2, , sb.11.8.33.11.9.2, , hi, , , 10M, 2020-02-28 03:10
, RGS_SB_11-09-02-11#23.mp3, Lecture on SB 11.9.2.11, , sb.11.9.2.11, , hi, , , 11M, 2020-02-28 03:10
, RGS_SB_11-09-11-16#24.mp3, Lecture on SB 11.9.11.16, , sb.11.9.11.16, , hi, , , 10M, 2020-02-28 03:10
, RGS_SB_11-09-16-25#25.mp3, Lecture on SB 11.9.16.25, , sb.11.9.16.25, , hi, , , 10M, 2020-02-28 03:10
, RGS_SB_11-09-25-28#26.mp3, Lecture on SB 11.9.25.28, , sb.11.9.25.28, , hi, , , 11M, 2020-02-28 03:10