_Hindi_-_Kunti_Stuti_Part-0,url, labels, arte, sloka, date, lang, place, video, size, lastUpdatTime
, RGS_SB_01-07-12-32#1_-_2002_London.mp3, Part-01, , sb.1.7.12.32, 2002, hi, London, , 2.2M, 2020-02-14 00:21
, RGS_SB_01-07-12-32#2_-_2002_London.mp3, Part-02, , sb.1.7.12.32, 2002, hi, London, , 3.2M, 2020-02-07 07:51
, RGS_SB_01-07-12-32#3_-_2002_London.mp3, Part-03, , sb.1.7.12.32, 2002, hi, London, , 3.1M, 2020-02-14 00:21
, RGS_SB_01-07-12-32#4_-_2002_London.mp3, Part-04, , sb.1.7.12.32, 2002, hi, London, , 3.0M, 2020-02-14 00:21
, RGS_SB_01-07-33-58#1_-_2002_London.mp3, Part-01, , sb.1.7.33.58, 2002, hi, London, , 2.7M, 2020-02-14 00:21
, RGS_SB_01-07-33-58#2_-_2002_London.mp3, Part-02, , sb.1.7.33.58, 2002, hi, London, , 3.1M, 2020-02-14 00:21
, RGS_SB_01-07-33-58#3_-_2002_London.mp3, Part-03, , sb.1.7.33.58, 2002, hi, London, , 2.5M, 2020-02-12 07:51
, RGS_SB_01-07-33-58#4_-_2002_London.mp3, Part-04, , sb.1.7.33.58, 2002, hi, London, , 2.2M, 2020-02-14 00:21
, RGS_SB_01-07-33-58#5_-_2002_London.mp3, Part-05, , sb.1.7.33.58, 2002, hi, London, , 1.8M, 2020-02-12 07:51
, RGS_SB_01-08-01-17#1_-_2002_London.mp3, Part-01, , sb.1.8.1.17, 2002, hi, London, , 3.1M, 2020-02-12 07:51
, RGS_SB_01-08-01-17#2_-_2002_London.mp3, Part-02, , sb.1.8.1.17, 2002, hi, London, , 3.1M, 2020-02-14 00:21
, RGS_SB_01-08-01-17#3_-_2002_London.mp3, Part-03, , sb.1.8.1.17, 2002, hi, London, , 3.1M, 2020-02-14 00:21
, RGS_SB_01-08-01-17#4_-_2002_London.mp3, Part-04, , sb.1.8.1.17, 2002, hi, London, , 3.1M, 2020-02-14 00:21
, RGS_SB_01-08-01-17#5_-_2002_London.mp3, Part-05, , sb.1.8.1.17, 2002, hi, London, , 898K, 2020-02-14 00:21
, RGS_SB_01-08-18-22#1_-_2002_London.mp3, Part-01, , sb.1.8.18.22, 2002, hi, London, , 3.1M, 2020-02-12 07:51
, RGS_SB_01-08-18-22#2_-_2002_London.mp3, Part-02, , sb.1.8.18.22, 2002, hi, London, , 2.9M, 2020-02-12 07:51
, RGS_SB_01-08-18-22#3_-_2002_London.mp3, Part-03, , sb.1.8.18.22, 2002, hi, London, , 3.1M, 2020-02-12 07:51
, RGS_SB_01-08-18-22#4_-_2002_London.mp3, Part-04, , sb.1.8.18.22, 2002, hi, London, , 1.6M, 2020-02-14 00:21
, RGS_SB_01-08-18-22#5_-_2002_London.mp3, Part-05, , sb.1.8.18.22, 2002, hi, London, , 2.6M, 2020-02-12 07:56
, RGS_SB_01-08-23-28#1_-_2002_London.mp3, Part-01, , sb.1.8.23.28, 2002, hi, London, , 3.0M, 2020-02-14 00:21
, RGS_SB_01-08-23-28#2_-_2002_London.mp3, Part-02, , sb.1.8.23.28, 2002, hi, London, , 3.1M, 2020-02-14 00:21
, RGS_SB_01-08-23-28#3_-_2002_London.mp3, Part-03, , sb.1.8.23.28, 2002, hi, London, , 3.1M, 2020-02-14 00:21
, RGS_SB_01-08-23-28#4_-_2002_London.mp3, Part-04, , sb.1.8.23.28, 2002, hi, London, , 3.0M, 2020-02-14 00:21
, RGS_SB_01-08-23-28#5_-_2002_London.mp3, Part-05, , sb.1.8.23.28, 2002, hi, London, , 1.0M, 2020-02-12 07:56
, RGS_SB_01-08-29-32#1_-_2002_London.mp3, Part-01, , sb.1.8.29.32, 2002, hi, London, , 2.8M, 2020-02-14 00:21
, RGS_SB_01-08-29-32#2_-_2002_London.mp3, Part-02, , sb.1.8.29.32, 2002, hi, London, , 3.1M, 2020-02-12 07:56
, RGS_SB_01-08-29-32#3_-_2002_London.mp3, Part-03, , sb.1.8.29.32, 2002, hi, London, , 3.3M, 2020-02-14 00:21
, RGS_SB_01-08-29-32#4_-_2002_London.mp3, Part-04, , sb.1.8.29.32, 2002, hi, London, , 3.3M, 2020-02-12 07:56
, RGS_SB_01-08-29-32#5_-_2002_London.mp3, Part-05, , sb.1.8.29.32, 2002, hi, London, , 3.1M, 2020-02-12 07:56
, RGS_SB_01-08-29-32#6_-_2002_London.mp3, Part-06, , sb.1.8.29.32, 2002, hi, London, , 2.7M, 2020-02-14 00:21